{
  "pack_name": "BIZRA_LINEAGE_SEAL_PACK",
  "created_at": "2025-12-28T22:26:45.761493+00:00",
  "environment": {
    "python_version": "3.13.5 (tags/v3.13.5:6cb20a2, Jun 11 2025, 16:15:46) [MSC v.1943 64 bit (AMD64)]",
    "platform": "win32",
    "blake3_available": true,
    "crypto_available": true
  },
  "verification_steps": [
    {
      "step": 1,
      "name": "Genesis Seal Verification",
      "description": "Verify GENESIS_SEAL.json hash and signature",
      "command": "python scripts/generate_genesis_seal.py --verify"
    },
    {
      "step": 2,
      "name": "Manifest Verification",
      "description": "Verify all item hashes match manifest",
      "command": "python core/genesis/lineage_seal_pack.py --verify <pack_path>"
    },
    {
      "step": 3,
      "name": "Signature Verification",
      "description": "Verify Ed25519 signatures with public key",
      "command": "See docs/VERIFICATION_STANDARD.md"
    }
  ],
  "items_included": 7
}